"","visitor_id","num_sessions","test_groups","session_id","device_class","params","days","city","country","price","tenant_fee","landlord_fee","total_paid","currency","test_status","instant_booking","user_verified","total_paid.EUR"
"1","0588b612a337b8f46f6243acbf19d4166fcb8fde",1,"{""lofi"":""show"",""rarsp"":""ref"",""fdspi"":""ref"",""rcsp"":""show"",""cbnw"":""ref""}","0588b612a337b8f46f6243acbf19d4166fcb8fde","desktop","{""event_content"":{},""page"":{""request_id"":""b8accae55e09d9b9f0ae"",""apartment_id"":""bfbdb0407c3926d445d3"",""start"":""2021-07-28"",""end"":""2021-08-27"",",30,"Oxford","GB",3542,0,425.04,3542,"GBP","test","Instant","Verified",4179.56
"2","05d7509406caf2df6c40dbc5c0f01aa1290639fd",1,"{""lofi"":""show"",""rarsp"":""ref"",""fdspi"":""ref"",""rcsp"":""ref"",""cbnw"":""ref""}","3e4c83cfeb37fd09a7c1ca09ea320b0fdb127d3b","phone","{""event_content"":{},""page"":{""request_id"":""2837d5506493d0bc39cf"",""apartment_id"":""5095405fe258ddbda305"",""start"":""2021-08-01"",""end"":""2021-08-31"",",30,"Manchester","GB",2745.5,0,329.46,2745.5,"GBP","control","Not_instant","Verified",3239.69
"3","06c3db602a322764c32c1f259d1ac3d4efca0743",1,"{""lofi"":""show"",""rarsp"":""ref"",""fdspi"":""show"",""rcsp"":""ref"",""cbnw"":""ref""}","be622dd26900115de024219b9c082b9910b0b585","desktop","{""event_content"":{""hotjar_id"":""5e5d33c6""},""page"":{""request_id"":""a2bbf5f3d8930a0e4e8b"",""apartment_id"":""dba5648cc33d62785feb"",""start"":""2021-07-20"",""end"":""2021-08-19"",",30,"Düsseldorf","DE",1450,0,174,1450,"EUR","control","Not_instant","Verified",1450
"4","0765cca37401481e6de042db8c143c2241383ab5",1,"{""lofi"":""ref"",""rarsp"":""ref"",""fdspi"":""show"",""rcsp"":""ref"",""cbnw"":""ref""}","a631e6336fb0e2567fb5563190804fb30e691a85","desktop","{""event_content"":{},""page"":{""request_id"":""d5c7624ddc648c68a184"",""apartment_id"":""a84e2b2df0113385eea5"",""start"":""2021-08-16"",""end"":""2022-04-16"",",243,"Munich","DE",1150,0,1110.8256,9256.88,"EUR","control","Not_instant","Verified",9256.88
"5","0e56bea00e69cce7b5f47605a915ba480f7853af",1,"{""lofi"":""ref"",""rarsp"":""ref"",""fdspi"":""ref"",""rcsp"":""show"",""cbnw"":""ref""}","2e46d777d5e73180975fb5f1fc6435854cc9c3c2","desktop","{""event_content"":{},""page"":{""request_id"":""d77ee0e01fa4d0ae351a"",""apartment_id"":""cd5f3878243d2c993947"",""start"":""2021-07-22"",""end"":""2021-08-21"",",30,"Frankfurt","DE",4495.07,0,539.4084,4495.07,"EUR","test","Not_instant","Verified",4495.07
"6","1144f9d04bf26a385b69e00ffcee009c63c20b64",1,"{""lofi"":""ref"",""rarsp"":""ref"",""fdspi"":""ref"",""rcsp"":""show"",""cbnw"":""ref""}","2ee9494278386ab97dad4243ae134dae1f959c5e","phone","{""event_content"":{},""page"":{""request_id"":""5a2fbcbb3e03f650a071"",""apartment_id"":""4d23d9cb57a84a11805f"",""start"":""2021-07-25"",""end"":""2021-08-26"",",32,"Munich","DE",1178,0,150.48,1254,"EUR","test","Not_instant","Verified",1254
"7","120cc3c8f00c6dff6b68b8e9cb73d8841be9f256",1,"{""lofi"":""show"",""rarsp"":""ref"",""fdspi"":""show"",""rcsp"":""show"",""cbnw"":""ref""}","91575e4fb7ee462db41f0f2dabf5335d643a9e7d","phone","{""event_content"":{""hotjar_id"":""33504b27"",""request_id"":""64428aaba4f1d996d186"",""request_status"":""finished""},""page"":{""request_id"":""64428aaba4f1d996d186"",""apartment_id"":""f900804dcae953a747d0"",""start"":""2021-11-01"",""end"":""2021-12-31"",",60,"Amsterdam","NL",2250,0,540,4500,"EUR","test","Not_instant","Verified",4500
"8","14f305023080e6ae965d68b44e24c2f6b5ddc2cb",1,"{""lofi"":""ref"",""rarsp"":""ref"",""fdspi"":""show"",""rcsp"":""show"",""cbnw"":""ref""}","aa7e67320cfd2f6f55018914fdad47118b3ce1e4","phone","{""event_content"":{},""page"":{""request_id"":""d4c0d0340e3da12e25fa"",""apartment_id"":""5cd7969aac3029dfa4c7"",""start"":""2021-07-31"",""end"":""2023-03-31"",",608,"Brussels","BE",1250,0,3004.8384,25040.32,"EUR","test","Not_instant","Verified",25040.32
"9","1819b71207b81be2ab9b661e467c271c54775551",1,"{""lofi"":""show"",""rarsp"":""ref"",""fdspi"":""show"",""rcsp"":""show"",""cbnw"":""ref""}","ac4b354dd689f64e1ecca611e8eaad6751a6bb40","desktop","{""event_content"":{""hotjar_id"":""8d7730a1""},""page"":{""request_id"":""0bf7a6395c660dbfc92b"",""apartment_id"":""5821c5261fd79e66dbd1"",""start"":""2021-08-27"",""end"":""2021-09-29"",",33,"Madrid","ES",1476.43,76.43,189.4968,1579.14,"EUR","test","Not_instant","Verified",1579.14
"10","197cb89d8b05817d2f020595c50fd2260fb1a2b9",1,"{""lofi"":""ref"",""rarsp"":""ref"",""fdspi"":""show"",""rcsp"":""show"",""cbnw"":""ref""}","d875480dda6b36deed83b48c525885af800cd069","desktop","{""event_content"":{},""page"":{""request_id"":""e62dbd03c034101ec0fd"",""apartment_id"":""8273803b4b76970123a2"",""start"":""2022-01-09"",""end"":""2022-03-26"",",76,"London","GB",1445.38,0,447.6,3730,"GBP","test","Not_instant","Verified",4401.4
"11","1987e8a25971aba0bacc9adad4c1899dee86c17f",1,"{""lofi"":""show"",""rarsp"":""ref"",""fdspi"":""show"",""rcsp"":""ref"",""cbnw"":""ref""}","59293f5642060bac9ed903f42455c9e5a381849c","phone","{""event_content"":{},""page"":{""request_id"":""c86f1cce1671806f96e9"",""apartment_id"":""71372fc58590239bdc3d"",""start"":""2021-07-25"",""end"":""2021-10-16"",",83,"Paris","FR",3205.98,0,1054.872,8790.6,"EUR","control","Not_instant","Verified",8790.6
"12","19f4eae27dbc153d71b9a6a3525077eb0c1f1a6b",1,"{""lofi"":""show"",""rarsp"":""ref"",""fdspi"":""ref"",""rcsp"":""ref"",""cbnw"":""ref""}","8b9e4ce33ad7af1ba41118551379c7ad0641aa0c","desktop","{""event_content"":{""hotjar_id"":""35bb6092""},""page"":{""request_id"":""1eb2f79b9de22a9d5154"",""apartment_id"":""b31fed353b91757d5bc4"",""start"":""2021-08-06"",""end"":""2022-08-06"",",365,"Kaiserslautern","DE",2120.4,0,3061.584,25513.2,"EUR","control","Not_instant","Verified",25513.2
"13","1c3cdbbbb655b5039be72dc87dc7d4f505fd41ac",2,"{""lofi"":""show"",""rarsp"":""ref"",""fdspi"":""show"",""rcsp"":""ref"",""cbnw"":""ref""}","2e965a383d2bbcc26aae6b0837c547a136595e18","desktop","{""event_content"":{},""page"":{""request_id"":""b39d261264c99b184ea8"",""apartment_id"":""db40731d3f2f0a0d9"",""start"":""2021-08-01"",""end"":""2021-09-01"",",31,"London","GB",2608.45,0,323.448,2695.4,"GBP","control","Instant","Verified",3180.572
"14","1c5ac2a02e27efb47ef4f34ca16acedc801110e0",1,"{""lofi"":""ref"",""rarsp"":""ref"",""fdspi"":""show"",""rcsp"":""ref"",""cbnw"":""ref""}","596a13aeb6486451f1c4fe934b18f625e98d237e","phone","{""event_content"":{},""page"":{""request_id"":""4694dbdbbc28424909cf"",""apartment_id"":""7BJHXzRj6M5FxStkY"",""start"":""2021-07-23"",""end"":""2021-10-29"",",98,"Berlin","DE",1390,0,538.0644,4483.87,"EUR","control","Not_instant","Verified",4483.87
"15","21c220e1286475843214e999ed8160d393ec2cd4",1,"{""lofi"":""show"",""rarsp"":""ref"",""fdspi"":""ref"",""rcsp"":""ref"",""cbnw"":""ref""}","01cff5d21f3b9db3edf0f69f80d92d8388391be3","desktop","{""event_content"":{},""page"":{""request_id"":""54e9d36191ccc588e543"",""apartment_id"":""f7fcead5063eebb63997"",""start"":""2021-09-01"",""end"":""2022-01-31"",",152,"Berlin","DE",1590,0,954,7950,"EUR","control","Not_instant","Verified",7950
"16","236f25f6616425db9d4ea38f7cb76af2c85fac01",1,"{""lofi"":""ref"",""rarsp"":""ref"",""fdspi"":""ref"",""rcsp"":""show"",""cbnw"":""ref""}","801c22a2d853d28a884c5cbc7ac2c3eb36fdf6aa","desktop","{""event_content"":{},""page"":{""request_id"":""335dda3daf75d34bf0e8"",""apartment_id"":""ed74e8dd4bc184b017b8"",""start"":""2021-08-01"",""end"":""2021-09-03"",",33,"Barcelona","ES",1316.55,66.55,165,1375,"EUR","test","Not_instant","Verified",1375
"17","24b9fce3f206396ddd2fe68a0f5b6ce3dc13968a",1,"{""lofi"":""show"",""rarsp"":""ref"",""fdspi"":""show"",""rcsp"":""ref"",""cbnw"":""ref""}","a4ab754e96c9f59063aa6b9d5f1ee02ecbd9cda7","phone","{""event_content"":{""hotjar_id"":""034cc1bb"",""request_id"":""0376d9d9ce36abffa981"",""request_status"":""booked""},""page"":{""request_id"":""0376d9d9ce36abffa981"",""apartment_id"":""e01ef4b60414dd711f8f"",""start"":""2021-08-31"",""end"":""2021-11-02"",",63,"Barcelona","ES",1046.41,96.41,239.0328,1991.94,"EUR","control","Instant","Verified",1991.94
"18","2833d69007560346f7f6834a880407215d7ab9fb",1,"{""lofi"":""ref"",""rarsp"":""ref"",""fdspi"":""ref"",""rcsp"":""ref"",""cbnw"":""ref""}","2833d69007560346f7f6834a880407215d7ab9fb","desktop","{""event_content"":{""hotjar_id"":""7f0cfafe""},""page"":{""request_id"":""627e62cee252b99dee99"",""apartment_id"":""74b88c1fdffcbf537398"",""start"":""2021-07-17"",""end"":""2021-09-04"",",49,"Heidelberg","DE",1850,0,358.0644,2983.87,"EUR","control","Not_instant","Verified",2983.87
"19","2870fc48f307c82fa204b022e98248c8cf3865a8",1,"{""lofi"":""ref"",""rarsp"":""ref"",""fdspi"":""ref"",""rcsp"":""ref"",""cbnw"":""ref""}","a1f33c91aa42860abc387ee463052675ce177d15","desktop","{""event_content"":{},""page"":{""request_id"":""dc4cceb9fb77441907bf"",""apartment_id"":""3107fd0530b6fecc0bcb"",""start"":""2021-08-20"",""end"":""2021-10-20"",",61,"Amsterdam","NL",3325.37,0,810.96,6758,"EUR","control","Not_instant","Verified",6758
"20","2ac4ea6dea20f795ed313701ecca90ebd6b71139",2,"{""lofi"":""ref"",""rarsp"":""ref"",""fdspi"":""show"",""rcsp"":""show"",""cbnw"":""ref""}","9d29e3075fb080c13b2d3c28d352ca93e9ab7bbc","phone","{""event_content"":{},""page"":{""request_id"":""f69750a667724c7c67ee"",""apartment_id"":""0fdc0b2c980a098574e5"",""start"":""2021-08-01"",""end"":""2022-01-31"",",183,"Berlin","DE",1320,0,950.4,7920,"EUR","test","Not_instant","Verified",7920
"21","2b05be7f1c0cd1b924192ecec47453d23cc1c404",1,"{""lofi"":""ref"",""rarsp"":""ref"",""fdspi"":""show"",""rcsp"":""ref"",""cbnw"":""ref""}","2b05be7f1c0cd1b924192ecec47453d23cc1c404","desktop","{""event_content"":{},""page"":{""request_id"":""4b53f6875fae6d123cc0"",""apartment_id"":""ZbdFnp33q4CbCTdb3"",""start"":""2021-08-10"",""end"":""2021-09-30"",",51,"Basel","CH",1350,0,276.9672,2308.06,"CHF","control","Not_instant","Verified",2169.5764
"22","2c19bf520cd1dfe6945a2215bc46d10c42010735",1,"{""lofi"":""ref"",""rarsp"":""ref"",""fdspi"":""ref"",""rcsp"":""ref"",""cbnw"":""ref""}","39c518e79b772ec22c158bf5707540276723d41b","desktop","{""event_content"":{},""page"":{""request_id"":""31e80fe7ed0d9a2e4387"",""apartment_id"":""33b3a53f65c46b60b72b"",""start"":""2021-07-16"",""end"":""2021-08-18"",",33,"Madrid","ES",1191.04,60.04,148.854,1240.45,"EUR","control","Not_instant","Verified",1240.45
"23","2c9bc29aa93202da0ae82f49e00ade403b864ebd",1,"{""lofi"":""show"",""rarsp"":""ref"",""fdspi"":""show"",""rcsp"":""show"",""cbnw"":""ref""}","77e793e50a90da7fa9d72af083c76dab75f73d14","desktop","{""event_content"":{},""page"":{""request_id"":""c6b9bd0f5a258745f2b0"",""apartment_id"":""a22df661e0aa8769e071"",""start"":""2021-07-17"",""end"":""2021-10-16"",",91,"Berlin","DE",960,0,345.6,2880,"EUR","test","Not_instant","Verified",2880
"24","2e2dedc77470ad9754393293d04d5b55a63c0a02",1,"{""lofi"":""ref"",""rarsp"":""ref"",""fdspi"":""ref"",""rcsp"":""ref"",""cbnw"":""ref""}","2e2dedc77470ad9754393293d04d5b55a63c0a02","desktop","{""event_content"":{""hotjar_id"":""58f42616"",""path"":""/request/078ba0d7f18f6f80bba2/success""},""page"":{""request_id"":""078ba0d7f18f6f80bba2"",""apartment_id"":""01e8164ed22fd38b4a5c"",""start"":""2021-08-06"",""end"":""2021-12-31"",",147,"Berlin","DE",1890,0,1097.4192,9145.16,"EUR","control","Not_instant","Verified",9145.16
"25","2e9dd155fc8d393bdd5fd7e61e3e9d297cd6f4d4",1,"{""lofi"":""ref"",""rarsp"":""ref"",""fdspi"":""ref"",""rcsp"":""ref"",""cbnw"":""ref""}","664af5b9ce84277c1a78a0582b9eed7bc9a09efc","desktop","{""event_content"":{""hotjar_id"":""91ed6468"",""ga"":{""category"":""Cancellation Policy"",""action"":""Close cancellation policy modal"",""label"":""request_process"",""value"":{""cancellationPolicy"":""fullRefund14days"",""terminationPolicy"":""oneMonthEndOfMonth"",""apartmentId"":""""}}},""page"":{""request_id"":""d37956d1556a737c7d53"",""apartment_id"":""6b592b26ede00422eac0"",""start"":""2021-08-10"",""end"":""2021-09-09"",",30,"Amsterdam","NL",3000,0,360,3000,"EUR","control","Instant","Verified",3000
"26","2f03268e90447a1746408fdb1422db1cc86ca4f1",1,"{""lofi"":""ref"",""rarsp"":""ref"",""fdspi"":""ref"",""rcsp"":""show"",""cbnw"":""ref""}","e4d2db8290579380102db1f5e0b43c110b3768cf","phone","{""event_content"":{},""page"":{""request_id"":""5e9f222e014212615406"",""apartment_id"":""d201591e992300bbf51a"",""start"":""2021-09-13"",""end"":""2021-10-12"",",29,"Paris","FR",8336,0,1000.32,8336,"EUR","test","Not_instant","Verified",8336
"27","3032b10b90bab939c887bb4dc90846651fa1d514",1,"{""lofi"":""show"",""rarsp"":""ref"",""fdspi"":""ref"",""rcsp"":""ref"",""cbnw"":""ref""}","9268d06a59fdb1ed3fd20ffca98d83788349e71a","desktop","{""event_content"":{},""page"":{""request_id"":""70691e15ca26147fccb1"",""apartment_id"":""ZbdFnp33q4CbCTdb3"",""start"":""2021-07-30"",""end"":""2021-08-31"",",32,"Basel","CH",1350,0,172.452,1437.1,"CHF","control","Not_instant","Verified",1350.874
"28","32ae2957685104b17b50fa4b697d145fb01bb677",1,"{""lofi"":""show"",""rarsp"":""ref"",""fdspi"":""show"",""rcsp"":""ref"",""cbnw"":""ref""}","3c39897bf3d56ca9deaf558e9725a9c0f4684b27","desktop","{""event_content"":{},""page"":{""request_id"":""50891d1a15c76a54810d"",""apartment_id"":""e3d0841a4afa97cd8acf"",""start"":""2021-08-06"",""end"":""2022-03-31"",",237,"Berlin","DE",890,0,837.174,6976.45,"EUR","control","Not_instant","Verified",6976.45
"29","3407cfb419434b505d7b0d42d3afb1b3100594a5",1,"{""lofi"":""ref"",""rarsp"":""ref"",""fdspi"":""show"",""rcsp"":""show"",""cbnw"":""ref""}","b97cf038e69bfbf46c3c85a670ce4385217507eb","desktop","{""event_content"":{},""page"":{""request_id"":""b2e39cc81bf5c0adfc98"",""apartment_id"":""740ef42acbb37457ff79"",""start"":""2021-08-02"",""end"":""2021-09-01"",",30,"London","GB",3495.02,0,419.4024,3495.02,"GBP","test","Not_instant","Verified",4124.1236
"30","3a0481f896abd9aae8e71104c569c2a07a09cbd3",1,"{""lofi"":""show"",""rarsp"":""ref"",""fdspi"":""show"",""rcsp"":""show"",""cbnw"":""ref""}","322d0f668654498eebf8542f4f2357ef0c71dae0","desktop","{""event_content"":{},""page"":{""request_id"":""944a42c6c332c7a56672"",""apartment_id"":""BXDRoX88sxD8rRCXW"",""start"":""2021-08-01"",""end"":""2021-09-30"",",60,"Berlin","DE",1075,0,258,2150,"EUR","test","Not_instant","Verified",2150
"31","3bc2f37da0f4962aa4c2d9728d23e34a2b858712",1,"{""lofi"":""ref"",""rarsp"":""ref"",""fdspi"":""show"",""rcsp"":""show"",""cbnw"":""ref""}","9872eb57988b9f39503f541420079e79a1935428","phone","{""event_content"":{},""page"":{""request_id"":""072cc02826fb55068d56"",""apartment_id"":""Jn3tDuNTe4YLfS2Wv"",""start"":""2021-07-01"",""end"":""2021-09-30"",",91,"Unterföhring","DE",875,0,315,2625,"EUR","test","Not_instant","Verified",2625
"32","4020d353daf459f3f91af0ea1fcc9fe99a6af159",1,"{""lofi"":""ref"",""rarsp"":""ref"",""fdspi"":""ref"",""rcsp"":""show"",""cbnw"":""ref""}","0a7f77763607119e91859390ab5fcaf1736af054","desktop","{""event_content"":{},""page"":{""request_id"":""56613a3cd43837079eb2"",""apartment_id"":""07e2145d0c8216a4b6bc"",""start"":""2021-10-07"",""end"":""2022-02-28"",",144,"Darmstadt","DE",1250,0,720.9672,6008.06,"EUR","test","Not_instant","Verified",6008.06
"33","4234481371ec2ad58cac67b69bfb47459d28526c",1,"{""lofi"":""ref"",""rarsp"":""ref"",""fdspi"":""show"",""rcsp"":""ref"",""cbnw"":""ref""}","b7e78035ce90a636b364ecf12cb225357e95458b","phone","{""event_content"":{},""page"":{""request_id"":""6a12df4570d1f9408e72"",""apartment_id"":""b237010d15d7b8f6c421"",""start"":""2021-07-17"",""end"":""2021-08-19"",",33,"Barcelona","ES",2402.58,121.11,300.2712,2502.26,"EUR","control","Not_instant","Verified",2502.26
"34","42fdffee90a9b72bf9fe6561d4628bd15aac8544",1,"{""lofi"":""show"",""rarsp"":""ref"",""fdspi"":""show"",""rcsp"":""show"",""cbnw"":""ref""}","73ef8655c1a4f11ffabcb32c0837b685df70c499","desktop","{""event_content"":{},""page"":{""request_id"":""6e464512bb9d4739f8ba"",""apartment_id"":""1c66073fb2aeea4d1134"",""start"":""2021-07-19"",""end"":""2021-10-31"",",104,"Berlin","DE",2790,0,1144.8,9540,"EUR","test","Not_instant","Verified",9540
"35","4333eed1c2363a08c6b3daa1614f8cdd492d6baf",1,"{""lofi"":""ref"",""rarsp"":""ref"",""fdspi"":""ref"",""rcsp"":""ref"",""cbnw"":""ref""}","ade7c0701e3f696cd0d65087baacf8ce407fc9f0","phone","{""event_content"":{},""page"":{""request_id"":""2d70d9a3100abc60196f"",""apartment_id"":""94d2edab2378b1ac326a"",""start"":""2021-07-29"",""end"":""2021-12-24"",",148,"Amsterdam","NL",3040,645,1399.9164,11665.97,"EUR","control","Not_instant","Verified",11665.97
"36","43f3473fdb0ef2f58139ffed272ce53a3d7d5e53",1,"{""lofi"":""ref"",""rarsp"":""ref"",""fdspi"":""show"",""rcsp"":""ref"",""cbnw"":""ref""}","7335de607848a6144db342e75833cbe3218ca6fa","desktop","{""event_content"":{},""page"":{""request_id"":""3fa20ac33a0da1131039"",""apartment_id"":""1b06432a7c0527a2a8af"",""start"":""2021-08-01"",""end"":""2021-11-30"",",121,"Berlin","DE",749,0,359.52,2996,"EUR","control","Instant","Verified",2996
"37","45cc255dd50da5ddfde7804776fb2c122a245559",1,"{""lofi"":""ref"",""rarsp"":""ref"",""fdspi"":""show"",""rcsp"":""show"",""cbnw"":""ref""}","57afc7990511b021e5d54e4bcd942da21f464975","desktop","{""event_content"":{},""page"":{""request_id"":""9f5a84f15755cda302be"",""apartment_id"":""4d23d9cb57a84a11805f"",""start"":""2021-08-27"",""end"":""2021-10-31"",",65,"Munich","DE",1,1329.76,0,2874,"EUR","test","Not_instant","Verified",2874
"38","46e0d5dcc3cae996fc9b4bec209aee949a3740da",1,"{""lofi"":""show"",""rarsp"":""ref"",""fdspi"":""ref"",""rcsp"":""show"",""cbnw"":""ref""}","0ba3e982bf4c5361aacb0e338e9179cfac6ce246","desktop","{""event_content"":{},""page"":{""request_id"":""49c478df3f71e40a715a"",""apartment_id"":""f8pMvtrB4n86Tww2L"",""start"":""2021-09-17"",""end"":""2022-06-17"",",273,"Vienna","AT",2424.52,0,2628.18,21901.5,"EUR","test","Not_instant","Verified",21901.5
"39","4704ef531b62017531f1361380f587d44871106d",1,"{""lofi"":""show"",""rarsp"":""ref"",""fdspi"":""ref"",""rcsp"":""ref"",""cbnw"":""ref""}","11a279983e27e311acc859c058d8fd5c6f53a2e1","desktop","{""event_content"":{""hotjar_id"":""290033e8"",""path"":""/request/4694dbdbbc28424909cf/success""},""page"":{""request_id"":""4694dbdbbc28424909cf"",""apartment_id"":""7BJHXzRj6M5FxStkY"",""start"":""2021-07-23"",""end"":""2021-10-29"",",98,"Berlin","DE",1390,0,538.0644,4483.87,"EUR","control","Not_instant","Verified",4483.87
"40","488467072c40105c765e621fd874df6208f0636c",1,"{""lofi"":""show"",""rarsp"":""ref"",""fdspi"":""show"",""rcsp"":""show"",""cbnw"":""ref""}","048f20e73a5f4095a230ac6c075c6a9db6601f56","phone","{""event_content"":{},""page"":{""request_id"":""7111d30ad44db530ae20"",""apartment_id"":""c25f0e83542395af646a"",""start"":""2021-08-28"",""end"":""2021-10-09"",",42,"Vienna","AT",1500,0,255.4836,2129.03,"EUR","test","Not_instant","Verified",2129.03
"41","49068a319291152677c2b5da7254ae52f8f82d06",1,"{""lofi"":""ref"",""rarsp"":""ref"",""fdspi"":""show"",""rcsp"":""show"",""cbnw"":""ref""}","30c6db0d1c7e7e943ad74cedc47416af06b2e961","desktop","{""event_content"":{},""page"":{""request_id"":""7d8f9aec1d828d0af07a"",""apartment_id"":""b5c70ec0cff1b52ac3fa"",""start"":""2021-07-17"",""end"":""2021-10-31"",",106,"Vienna","AT",4,2890,0,10068.39,"EUR","test","Not_instant","Verified",10068.39
"42","4b20b86aec5c4c78e2538823934e2bb4d2a6316e",1,"{""lofi"":""ref"",""rarsp"":""ref"",""fdspi"":""ref"",""rcsp"":""ref"",""cbnw"":""ref""}","52a580832fe13e088bc949bb302837ebeb808ca8","desktop","{""event_content"":{},""page"":{""request_id"":""e4ba743eb7814b3363d9"",""apartment_id"":""8b29f18037ce69447a26"",""start"":""2021-08-31"",""end"":""2022-08-30"",",364,"Berlin","DE",1705,0,2455.2,20460,"EUR","control","Not_instant","Verified",20460
"43","4d86614172348c4bd54766492cde6a0add94b9fa",1,"{""lofi"":""ref"",""rarsp"":""ref"",""fdspi"":""ref"",""rcsp"":""ref"",""cbnw"":""ref""}","4d86614172348c4bd54766492cde6a0add94b9fa","phone","{""event_content"":{},""page"":{""request_id"":""315cdfd72451c9326636"",""apartment_id"":""ccacb67a386eb8740e7a"",""start"":""2021-07-26"",""end"":""2021-10-25"",",91,"Dublin","IE",2773.12,0,998.322,8319.35,"EUR","control","Not_instant","Verified",8319.35
"44","511034508d2d72c7332066da73007382423947d1",1,"{""lofi"":""show"",""rarsp"":""ref"",""fdspi"":""show"",""rcsp"":""ref"",""cbnw"":""ref""}","4c2f1ed7661b9f62ddc1e1132bb8a82637ba254f","desktop","{""event_content"":{""hotjar_id"":""1c883376""},""page"":{""request_id"":""978a496ae013c6c04d2c"",""apartment_id"":""017f8e50151c5c9c0aaf"",""start"":""2021-07-27"",""end"":""2021-09-26"",",61,"Barcelona","ES",1590.36,140.36,348,2900,"EUR","control","Not_instant","Verified",2900
"45","53277bcc9faf851096076f46e04d0b712b7405bd",1,"{""lofi"":""show"",""rarsp"":""ref"",""fdspi"":""ref"",""rcsp"":""ref"",""cbnw"":""ref""}","9cd07d6ed9e6c2968ed3c92f4120f32afc6e0a78","desktop","{""event_content"":{},""page"":{""request_id"":""1e2e0a3de6d569e8d29b"",""apartment_id"":""f1a8c25c18733e4f4d7a"",""start"":""2021-09-30"",""end"":""2021-12-18"",",79,"Munich","DE",1080,0,341.28,2844,"EUR","control","Instant","Verified",2844
"46","53c279f6676a86fc7e8428cf3706dc8ebc063c35",1,"{""lofi"":""show"",""rarsp"":""ref"",""fdspi"":""ref"",""rcsp"":""show"",""cbnw"":""ref""}","6137ea34158909722aa39afef96fce5a74686f65","phone","{""event_content"":{},""page"":{""request_id"":""c1e8d00a812692489e87"",""apartment_id"":""c9836a940a34089028ed"",""start"":""2022-01-01"",""end"":""2022-03-31"",",89,"Dresden","DE",775,0,279,2325,"EUR","test","Not_instant","Verified",2325
"47","54e09a231a0f3c45601b853c285b21d96ec1aed6",1,"{""lofi"":""show"",""rarsp"":""ref"",""fdspi"":""ref"",""rcsp"":""ref"",""cbnw"":""ref""}","54e09a231a0f3c45601b853c285b21d96ec1aed6","phone","{""event_content"":{},""page"":{""request_id"":""1687daddf46766ff9a9c"",""apartment_id"":""ApRf77f3gzjBqFAkM"",""start"":""2021-08-25"",""end"":""2021-09-30"",",36,"Berlin","DE",1640,0,241.2384,2010.32,"EUR","control","Not_instant","Verified",2010.32
"48","55e25af60d7eff42baea4080e135913029db181a",1,"{""lofi"":""ref"",""rarsp"":""ref"",""fdspi"":""show"",""rcsp"":""ref"",""cbnw"":""ref""}","6d55f7c9e1edace5403c5df8f042fc8b2922c91c","phone","{""event_content"":{""hotjar_id"":""1e4e2e2e""},""page"":{""request_id"":""a95ca09032c1846c5066"",""apartment_id"":""a79a20f54fab707c3424"",""start"":""2021-08-01"",""end"":""2021-11-30"",",121,"Berlin","DE",1100,0,528,4400,"EUR","control","Not_instant","Verified",4400
"49","55f5d41747d67ac29b474e01949429a9e0867a15",1,"{""lofi"":""ref"",""rarsp"":""ref"",""fdspi"":""ref"",""rcsp"":""ref"",""cbnw"":""ref""}","a878326fb7bcd94c94d09ab66984c340d5e1861e","desktop","{""event_content"":{""hotjar_id"":""264bde87""},""page"":{""request_id"":""c020d14ec9070a8ac910"",""apartment_id"":""qDMjtiksK6LQ8Zx5B"",""start"":""2021-08-01"",""end"":""2021-08-31"",",30,"Heddesheim","DE",1665,0,199.8,1665,"EUR","control","Not_instant","Verified",1665
"50","576b3198d16152be9667ab826d7126a7b065f1f9",1,"{""lofi"":""show"",""rarsp"":""ref"",""fdspi"":""ref"",""rcsp"":""show"",""cbnw"":""ref""}","49746a1951e25157428fea2d052ae37715cbe792","desktop","{""event_content"":{},""page"":{""request_id"":""64023ccc995ed2659df1"",""apartment_id"":""3f89b520cc6d446c301d"",""start"":""2021-08-01"",""end"":""2021-08-31"",",30,"Stuttgart","DE",802.5,0,96.3,802.5,"EUR","test","Not_instant","Verified",802.5
"51","5a82797bb05ee652964086e002bfd6155d270694",1,"{""lofi"":""show"",""rarsp"":""ref"",""fdspi"":""ref"",""rcsp"":""show"",""cbnw"":""ref""}","16d45414879f9d1034f90249e668eb2500101dee","desktop","{""event_content"":{},""page"":{""request_id"":""4df26d735dabc25ab220"",""apartment_id"":""c4634757feab840eaa4d"",""start"":""2021-07-27"",""end"":""2021-09-20"",",55,"Madrid","ES",1141.8,91.8,227.6124,1896.77,"EUR","test","Instant","Verified",1896.77
"52","5b4c59e39c906a0a9bc8f8e47290ec0d53ce5618",1,"{""lofi"":""show"",""rarsp"":""ref"",""fdspi"":""ref"",""rcsp"":""show"",""cbnw"":""ref""}","11b452bc2a04ceccd2353c2efa9d20485c4c9b2c","desktop","{""event_content"":{},""page"":{""request_id"":""85fd9de11e3cc26f7467"",""apartment_id"":""0c3fe92f6a34287c914f"",""start"":""2021-08-27"",""end"":""2021-10-26"",",60,"Amsterdam","NL",2618,118,600,5000,"EUR","test","Not_instant","Verified",5000
"53","5d9e866dde0b99a83e5a9029d0a635bc9f2d194e",1,"{""lofi"":""ref"",""rarsp"":""ref"",""fdspi"":""ref"",""rcsp"":""ref"",""cbnw"":""ref""}","390e4e53b2da7f5e7b537c6d16a3475bdbf741b8","desktop","{""event_content"":{},""page"":{""request_id"":""5fd13bac1a35f06b75f8"",""apartment_id"":""98047fafb3aef18c2c01"",""start"":""2021-07-15"",""end"":""2021-08-14"",",30,"Cologne","DE",891,0,106.92,891,"EUR","control","Not_instant","Verified",891
"54","60eb850edc07beb74337a4a2c1e4d29085d6ebd3",1,"{""lofi"":""show"",""rarsp"":""ref"",""fdspi"":""ref"",""rcsp"":""ref"",""cbnw"":""ref""}","60eb850edc07beb74337a4a2c1e4d29085d6ebd3","desktop","{""event_content"":{""hotjar_id"":""972ef119""},""page"":{""request_id"":""dec83d2ef0686fd7b288"",""apartment_id"":""a83f125570b922bd1759"",""start"":""2021-07-24"",""end"":""2021-10-23"",",91,"Bonn","DE",1700,0,612,5100,"EUR","control","Instant","Verified",5100
"55","6166d430a4933588be0f01e18a208d441d2d5ec6",1,"{""lofi"":""ref"",""rarsp"":""ref"",""fdspi"":""ref"",""rcsp"":""ref"",""cbnw"":""ref""}","6166d430a4933588be0f01e18a208d441d2d5ec6","desktop","{""event_content"":{""hotjar_id"":""814e4f23""},""page"":{""request_id"":""14a812222dc127237d46"",""apartment_id"":""1e134b11f7f88ced874e"",""start"":""2021-07-28"",""end"":""2021-10-31"",",95,"Ostfildern","DE",1336,236,413.0328,3441.94,"EUR","control","Not_instant","Verified",3441.94
"56","639de0e98675ec9c159df53d5a975d04486c3037",1,"{""lofi"":""ref"",""rarsp"":""ref"",""fdspi"":""show"",""rcsp"":""ref"",""cbnw"":""ref""}","f2b34917f79cd0d9a1a24e39cde8617224c2f717","phone","{""event_content"":{},""page"":{""request_id"":""7147e2f8d06cdcb25327"",""apartment_id"":""b6fe540d5843f1aa6eaf"",""start"":""2021-08-20"",""end"":""2021-12-19"",",121,"Paris","FR",1550,0,744,6200,"EUR","control","Not_instant","Verified",6200
"57","6557073884ea0c3563249305f5c9d97a10f9803f",1,"{""lofi"":""show"",""rarsp"":""ref"",""fdspi"":""show"",""rcsp"":""ref"",""cbnw"":""ref""}","40697b3ee81d66e06da9906704114c29794e102a","phone","{""event_content"":{},""page"":{""request_id"":""817d6fa6efc26b72551b"",""apartment_id"":""44cb3141e01449b35b5c"",""start"":""2021-08-01"",""end"":""2022-01-31"",",183,"Berlin","DE",1210,0,871.2,7260,"EUR","control","Not_instant","Verified",7260
"58","656e64178bf825833c57be969cce7bd82d49d8a4",1,"{""lofi"":""show"",""rarsp"":""ref"",""fdspi"":""ref"",""rcsp"":""ref"",""cbnw"":""ref""}","656e64178bf825833c57be969cce7bd82d49d8a4","phone","{""event_content"":{""request_id"":""2b63fc115be056064da4"",""request_status"":""finished""},""page"":{""request_id"":""2b63fc115be056064da4"",""apartment_id"":""1b06432a7c0527a2a8af"",""start"":""2021-08-01"",""end"":""2021-08-31"",",30,"Berlin","DE",749,0,89.88,749,"EUR","control","Instant","Not_verified",749
"59","666e9574334ec769f168d2976604bd1b28ac7c0e",1,"{""lofi"":""ref"",""rarsp"":""ref"",""fdspi"":""ref"",""rcsp"":""ref"",""cbnw"":""ref""}","666e9574334ec769f168d2976604bd1b28ac7c0e","desktop","{""event_content"":{},""page"":{""request_id"":""ccf2d7c5f2f8c9bc86e6"",""apartment_id"":""eb75a5c242d87752190a"",""start"":""2021-07-16"",""end"":""2021-08-31"",",46,"Barcelona","ES",2584.97,174.97,433.8,3615,"EUR","control","Not_instant","Verified",3615
"60","66a15bbf18d9545549f3fbdec66a14a4a46d94ab",1,"{""lofi"":""ref"",""rarsp"":""ref"",""fdspi"":""ref"",""rcsp"":""show"",""cbnw"":""ref""}","497a3f27627a552c868c186e6a54482a673c6ea1","desktop","{""event_content"":{},""page"":{""request_id"":""854e73d5929f29598692"",""apartment_id"":""4a469919163200e83431"",""start"":""2021-08-02"",""end"":""2021-11-30"",",120,"Berlin","DE",890,0,423.7548,3531.29,"EUR","test","Not_instant","Verified",3531.29
"61","66fa9b4881c31251091d1fa913a05ddab205fddb",1,"{""lofi"":""ref"",""rarsp"":""ref"",""fdspi"":""show"",""rcsp"":""ref"",""cbnw"":""ref""}","dc6556f4da28bef1d58e018bfb7a4d11c6cb9692","desktop","{""event_content"":{},""page"":{""request_id"":""7b612c69a97943d260fc"",""apartment_id"":""M8Y7zPgDfJD49XajD"",""start"":""2021-08-08"",""end"":""2021-09-07"",",30,"Essen","DE",1300,0,156,1300,"EUR","control","Not_instant","Verified",1300
"62","671aa1c787247b36ad4f87d9b5b89854c2a83562",1,"{""lofi"":""show"",""rarsp"":""ref"",""fdspi"":""show"",""rcsp"":""ref"",""cbnw"":""ref""}","4f1ab67d14058d6df6c689ee1423486fce588bbe","desktop","{""event_content"":{""hotjar_id"":""87b50948"",""path"":""/request/bb724146ed40d92415f5/success""},""page"":{""request_id"":""bb724146ed40d92415f5"",""apartment_id"":""8731cc6e5b21cfd31a6f"",""start"":""2021-08-01"",""end"":""2022-01-31"",",183,"Berlin","DE",1430,0,1029.6,8580,"EUR","control","Not_instant","Verified",8580
"63","6838fb8e1c566a88b498b607bc0fd1df3256764c",1,"{""lofi"":""ref"",""rarsp"":""ref"",""fdspi"":""ref"",""rcsp"":""show"",""cbnw"":""ref""}","6838fb8e1c566a88b498b607bc0fd1df3256764c","desktop","{""event_content"":{},""page"":{""request_id"":""91542669c3287fbf34aa"",""apartment_id"":""b64b78c8559db5ab4d96"",""start"":""2022-06-01"",""end"":""2022-07-04"",",33,"Barcelona","ES",1430.1,74.1,183.7164,1530.97,"EUR","test","Not_instant","Verified",1530.97
"64","69ca0cd9dc0fdf98c56106dbe3434195b9c90788",1,"{""lofi"":""ref"",""rarsp"":""ref"",""fdspi"":""ref"",""rcsp"":""ref"",""cbnw"":""ref""}","370c4e09cbfa374d0259e647c66322faf9e7c7d7","desktop","{""event_content"":{},""page"":{""request_id"":""5e16c394fdbd693ba7b7"",""apartment_id"":""50cea7e1cce068deb82d"",""start"":""2021-09-09"",""end"":""2021-11-08"",",60,"London","GB",1780.61,0,427.3464,3561.22,"GBP","control","Not_instant","Verified",4202.2396
"65","6c278d09bb3b04622da8fad2b1b267cdeb7b0b62",1,"{""lofi"":""show"",""rarsp"":""ref"",""fdspi"":""show"",""rcsp"":""ref"",""cbnw"":""ref""}","b3b1b11109a3b044ff15da723ff0b61ba6ef6777","desktop","{""event_content"":{},""page"":{""request_id"":""c5e00069e5130544a331"",""apartment_id"":""7ad340866abb13b4889d"",""start"":""2021-07-31"",""end"":""2021-09-02"",",33,"Barcelona","ES",1263.7,63.7,157.9356,1316.13,"EUR","control","Instant","Verified",1316.13
"66","6c59620f5d2d864b5e03f3f82f2f177fb4ffd5d4",1,"{""lofi"":""show"",""rarsp"":""ref"",""fdspi"":""show"",""rcsp"":""ref"",""cbnw"":""ref""}","6c59620f5d2d864b5e03f3f82f2f177fb4ffd5d4","phone","{""event_content"":{""hotjar_id"":""5d711c94""},""page"":{""request_id"":""3c2a36c9bd8bf183d80f"",""apartment_id"":""e2b7e336c340c1129b2b"",""start"":""2021-09-01"",""end"":""2022-02-28"",",180,"Cologne","DE",972,0,699.84,5832,"EUR","control","Instant","Verified",5832
"67","6df3495bf85c0d6f6bc32777a71efe7623832070",1,"{""lofi"":""show"",""rarsp"":""ref"",""fdspi"":""ref"",""rcsp"":""ref"",""cbnw"":""ref""}","6df3495bf85c0d6f6bc32777a71efe7623832070","desktop","{""event_content"":{},""page"":{""request_id"":""b4b563e9d3f8ee0b9bce"",""apartment_id"":""62139221c745f1b220f6"",""start"":""2021-08-02"",""end"":""2021-12-20"",",140,"Brunswick","DE",1090,0,603.3672,5028.06,"EUR","control","Instant","Not_verified",5028.06
"68","7081ab53a159e93e08284fc34637be4956ad0a7d",1,"{""lofi"":""ref"",""rarsp"":""ref"",""fdspi"":""show"",""rcsp"":""ref"",""cbnw"":""ref""}","06c18d50b1e893d25b9352198ad547ac8bbaf3f3","desktop","{""event_content"":{""hotjar_id"":""4850c86b""},""page"":{""request_id"":""a7f786b87586417390d3"",""apartment_id"":""e4ba5c994c959ea7d009"",""start"":""2021-07-20"",""end"":""2021-08-20"",",31,"Utrecht","NL",1400,0,173.4192,1445.16,"EUR","control","Not_instant","Verified",1445.16
"69","73f97ee3fc7c6aa4ebc7334baa959e09f55dfce9",1,"{""lofi"":""show"",""rarsp"":""ref"",""fdspi"":""show"",""rcsp"":""show"",""cbnw"":""ref""}","7f05e47c49f68351b5190b4f153b7956e27cf88d","phone","{""event_content"":{},""page"":{""request_id"":""4a6c0f927b469f9a09e8"",""apartment_id"":""d06d25277222dafde642"",""start"":""2021-08-02"",""end"":""2021-09-02"",",31,"Frankfurt","DE",900,0,111.7164,930.97,"EUR","test","Not_instant","Verified",930.97
"70","74d523f4925b552004af723319a3213ff2aa9825",1,"{""lofi"":""ref"",""rarsp"":""ref"",""fdspi"":""show"",""rcsp"":""ref"",""cbnw"":""ref""}","74d523f4925b552004af723319a3213ff2aa9825","desktop","{""event_content"":{},""page"":{""request_id"":""f6f25d6988fc23506263"",""apartment_id"":""7rqjn7tDNow4b26b7"",""start"":""2020-02-01"",""end"":""2020-04-30"",",89,"Nuremberg","DE",980,0,352.8,2940,"EUR","control","Not_instant","Verified",2940
"71","7604d8a00c5395080b13f05d822a551e1feef467",1,"{""lofi"":""show"",""rarsp"":""ref"",""fdspi"":""show"",""rcsp"":""show"",""cbnw"":""ref""}","e1a2e196fd5de7f6c7df86856af1a5d4ebc2315d","desktop","{""event_content"":{},""page"":{""request_id"":""d97387cb65a343e1e867"",""apartment_id"":""QbdnyHxWNy5RxGa3F"",""start"":""2021-08-15"",""end"":""2022-08-31"",",381,"Berlin","DE",2167,767,2108.1288,17567.74,"EUR","test","Not_instant","Verified",17567.74
"72","7807a2dc99164ac114a44f5e14a682f134caf154",1,"{""lofi"":""ref"",""rarsp"":""ref"",""fdspi"":""show"",""rcsp"":""show"",""cbnw"":""ref""}","f81b8c7e8a6448eecdcb4d25d2782675047567ae","phone","{""event_content"":{""hotjar_id"":""67c7c07c""},""page"":{""request_id"":""df8af68d63c0d40f2d78"",""apartment_id"":""368a19baf27a18c6eb49"",""start"":""2021-07-15"",""end"":""2021-08-31"",",47,"Mainz","DE",810,0,150.5028,1254.19,"EUR","test","Not_instant","Verified",1254.19
"73","7b69287eef94393b0038f0eaf910db7e0a3d85c0",1,"{""lofi"":""ref"",""rarsp"":""ref"",""fdspi"":""show"",""rcsp"":""show"",""cbnw"":""ref""}","172fc3b57797e315a179cd17daf65e9da97a56ed","desktop","{""event_content"":{""hotjar_id"":""73d69e52"",""path"":""/request/7e303cd934fb4524dfc2/success""},""page"":{""request_id"":""7e303cd934fb4524dfc2"",""apartment_id"":""22a50e0c9c21a6badf28"",""start"":""2021-08-01"",""end"":""2021-12-31"",",152,"Berlin","DE",1320,0,792,6600,"EUR","test","Not_instant","Verified",6600
"74","7ebeed6a6febe077be45e6ecbabecddd5e48feea",1,"{""lofi"":""ref"",""rarsp"":""ref"",""fdspi"":""ref"",""rcsp"":""show"",""cbnw"":""ref""}","0dffda4de15b96c4255b85d5697074d6acbf99ae","desktop","{""event_content"":{},""page"":{""request_id"":""926bd98508a6ac14405a"",""apartment_id"":""3a93bcfd830fb1e20501"",""start"":""2021-07-16"",""end"":""2021-08-15"",",30,"Badhoevedorp","NL",2567.47,0,308.0964,2567.47,"EUR","test","Instant","Verified",2567.47
"75","7f84d67e76d2683f1f85cdcc0314f100b049ddf1",1,"{""lofi"":""ref"",""rarsp"":""ref"",""fdspi"":""ref"",""rcsp"":""show"",""cbnw"":""ref""}","ed255a02a7b372972eb8db9342f587818de4713f","desktop","{""event_content"":{},""page"":{""request_id"":""4747a1de0680af99091b"",""apartment_id"":""1b953663d436729223d8"",""start"":""2021-08-31"",""end"":""2021-10-03"",",33,"Madrid","ES",2742.08,142.08,352.2576,2935.48,"EUR","test","Instant","Not_verified",2935.48
"76","822a702ff8c9af04ab7fb33eda820eae13ae7436",1,"{""lofi"":""ref"",""rarsp"":""ref"",""fdspi"":""ref"",""rcsp"":""ref"",""cbnw"":""ref""}","bbb6bc6c778d39e613282009b74f40a5c32d1de9","desktop","{""event_content"":{},""page"":{""request_id"":""877bc046cbd5d4819f47"",""apartment_id"":""c68845536d1fa9147f56"",""start"":""2021-09-20"",""end"":""2021-10-22"",",32,"London","GB",2220,0,286.7376,2389.48,"GBP","control","Not_instant","Verified",2819.5864
"77","859feb73f9b848e80230669a3be8182a0a253ec9",1,"{""lofi"":""show"",""rarsp"":""ref"",""fdspi"":""ref"",""rcsp"":""ref"",""cbnw"":""ref""}","d1d0f0d3fb4464bc6f24ffcbad057cde33c8dbb8","desktop","{""event_content"":{""hotjar_id"":""a8c277b7""},""page"":{""request_id"":""723d7727fb0d81f3f761"",""apartment_id"":""1791876f9bac4e16e77f"",""start"":""2021-07-31"",""end"":""2021-08-30"",",30,"Amstelveen","NL",1520.55,0,182.466,1520.55,"EUR","control","Instant","Verified",1520.55
"78","869a07a59f9d2497c140ed272e4f370dcacb1c54",1,"{""lofi"":""show"",""rarsp"":""ref"",""fdspi"":""show"",""rcsp"":""show"",""cbnw"":""ref""}","869a07a59f9d2497c140ed272e4f370dcacb1c54","desktop","{""event_content"":{""hotjar_id"":""4d52d644""},""page"":{""request_id"":""b3c7f46454c3d9e2ced1"",""apartment_id"":""456742733c1e6dcd7733"",""start"":""2021-09-30"",""end"":""2021-11-02"",",33,"Madrid","ES",1026.91,51.91,128.7,1072.5,"EUR","test","Instant","Verified",1072.5
"79","8709921d138a96962c536f4e5019f4c9febfdc9d",1,"{""lofi"":""show"",""rarsp"":""ref"",""fdspi"":""ref"",""rcsp"":""show"",""cbnw"":""ref""}","d864e63b2d77da007e51839811a3029551e937a4","desktop","{""event_content"":{},""page"":{""request_id"":""ad111ceacea456f1e0ce"",""apartment_id"":""daf66b4d7245ae1fca0c"",""start"":""2021-08-14"",""end"":""2021-09-13"",",30,"Manchester","GB",1129.32,59,128.4384,1070.32,"GBP","test","Not_instant","Verified",1262.9776
"80","8727bf0243f4930582691042ce67da7d2ee72a64",1,"{""lofi"":""show"",""rarsp"":""ref"",""fdspi"":""show"",""rcsp"":""show"",""cbnw"":""ref""}","8727bf0243f4930582691042ce67da7d2ee72a64","desktop","{""event_content"":{},""page"":{""request_id"":""f237e61025caa1bb82cc"",""apartment_id"":""10ef29c2a46b4703b12d"",""start"":""2022-05-01"",""end"":""2022-06-01"",",31,"Warrington","GB",1729,0,214.3956,1786.63,"GBP","test","Not_instant","Verified",2108.2234
"81","8a1d8e1e3ccd5282d419933723c6a4353eab061d",1,"{""lofi"":""ref"",""rarsp"":""ref"",""fdspi"":""show"",""rcsp"":""ref"",""cbnw"":""ref""}","8a1d8e1e3ccd5282d419933723c6a4353eab061d","phone","{""event_content"":{},""page"":{""request_id"":""4af552395bb207054cc7"",""apartment_id"":""ovTmyKur2S8qrMuSg"",""start"":""2021-07-20"",""end"":""2021-08-31"",",42,"Nuremberg","DE",756.98,0,126,1050,"EUR","control","Instant","Not_verified",1050
"82","8a371ab412fda79fec5d2e0a90206c298a64580f",1,"{""lofi"":""show"",""rarsp"":""ref"",""fdspi"":""ref"",""rcsp"":""show"",""cbnw"":""ref""}","3f14ab09d0ed463d4d0c3bf5c81e72dadc428c44","desktop","{""event_content"":{},""page"":{""request_id"":""698d72d1edb805a1d42a"",""apartment_id"":""c9326ec3c3501e8aab13"",""start"":""2021-07-16"",""end"":""2021-08-16"",",31,"Berlin","DE",1299,0,160.908,1340.9,"EUR","test","Not_instant","Verified",1340.9
"83","8e5833c28970d14baee2e46d3b9513acc0024249",1,"{""lofi"":""show"",""rarsp"":""ref"",""fdspi"":""show"",""rcsp"":""ref"",""cbnw"":""ref""}","2663f8e032f8cfb4a7527e0bd91ba34ebb36f7fe","phone","{""event_content"":{""hotjar_id"":""49e790f9""},""page"":{""request_id"":""4d70c0c4d47689ebc9b4"",""apartment_id"":""35e8c1e79866dfadc5af"",""start"":""2021-07-21"",""end"":""2021-08-23"",",33,"Madrid","ES",1390.07,70.07,173.7288,1447.74,"EUR","control","Not_instant","Verified",1447.74
"84","8e7b66b651ab996c4fc594e41a32446a88792a48",1,"{""lofi"":""show"",""rarsp"":""ref"",""fdspi"":""show"",""rcsp"":""ref"",""cbnw"":""ref""}","8e7b66b651ab996c4fc594e41a32446a88792a48","desktop","{""event_content"":{},""page"":{""request_id"":""29f5a54540e306ab10a3"",""apartment_id"":""828b967a1ecbc9649a40"",""start"":""2021-07-26"",""end"":""2021-08-31"",",36,"Newcastle upon Tyne","GB",592.44,0,84.8532,707.11,"GBP","control","Instant","Verified",834.3898
"85","914f813e620894dea46e0c8dacfe31222ebeeea4",1,"{""lofi"":""ref"",""rarsp"":""ref"",""fdspi"":""ref"",""rcsp"":""show"",""cbnw"":""ref""}","914f813e620894dea46e0c8dacfe31222ebeeea4","desktop","{""event_content"":{},""page"":{""request_id"":""3578126ed2dbab15b0bf"",""apartment_id"":""9fvuYk8jfBDjNYn6z"",""start"":""2021-07-15"",""end"":""2021-08-14"",",30,"Frankfurt","DE",1900,0,228,1900,"EUR","test","Instant","Verified",1900
"86","918d5e38024fb249c4471e2ab432d9fbe14835ab",1,"{""lofi"":""show"",""rarsp"":""ref"",""fdspi"":""ref"",""rcsp"":""show"",""cbnw"":""ref""}","918d5e38024fb249c4471e2ab432d9fbe14835ab","phone","{""event_content"":{},""page"":{""request_id"":""c2d368bdae99e3383b16"",""apartment_id"":""daf66b4d7245ae1fca0c"",""start"":""2021-08-01"",""end"":""2021-09-13"",",43,"Manchester","GB",1085,0,184.8,1540,"GBP","test","Not_instant","Verified",1817.2
"87","934aa7f7197a1a4a4f65679edc2dd5de41c50936",1,"{""lofi"":""show"",""rarsp"":""ref"",""fdspi"":""ref"",""rcsp"":""ref"",""cbnw"":""ref""}","b1edc8c352210d8bad1d33590817c1f8b00e7bdc","phone","{""event_content"":{},""page"":{""request_id"":""635f891af405f2e927c4"",""apartment_id"":""97787a1c36fa40aa5987"",""start"":""2021-08-15"",""end"":""2022-01-31"",",169,"Lyon","FR",800,0,532.6452,4438.71,"EUR","control","Not_instant","Verified",4438.71
"88","94773fbce3775c96dc4cf71d877b44eb0dc9c7d7",1,"{""lofi"":""ref"",""rarsp"":""ref"",""fdspi"":""show"",""rcsp"":""show"",""cbnw"":""ref""}","0071773762f71c387fdacbedfcb2f318dcd1083e","phone","{""event_content"":{},""page"":{""request_id"":""4521ab0fec0916562ceb"",""apartment_id"":""6763325af0b1426a5a9a"",""start"":""2021-08-26"",""end"":""2021-12-15"",",111,"London","GB",2587.33,0,1141.7652,9514.71,"GBP","test","Not_instant","Verified",11227.3578
"89","94fb4eabea0bf7995cbbd8c7161c6b59111a2759",1,"{""lofi"":""ref"",""rarsp"":""ref"",""fdspi"":""show"",""rcsp"":""show"",""cbnw"":""ref""}","94fb4eabea0bf7995cbbd8c7161c6b59111a2759","desktop","{""event_content"":{""hotjar_id"":""7bea5155"",""path"":""/request/4383275583449167bd73/success""},""page"":{""request_id"":""4383275583449167bd73"",""apartment_id"":""d0e5859d43fb958a7cce"",""start"":""2021-09-01"",""end"":""2022-03-31"",",211,"Berlin","DE",1025,0,861,7175,"EUR","test","Not_instant","Verified",7175
"90","95526e57e4cdd812922f73d2ff1699f2680e6fd1",1,"{""lofi"":""show"",""rarsp"":""ref"",""fdspi"":""ref"",""rcsp"":""ref"",""cbnw"":""ref""}","b8fef29c98b7c29b477243a9f3f9d142ad9c89b7","desktop","{""event_content"":{},""page"":{""request_id"":""c02aff453ab9fb709334"",""apartment_id"":""ZbdFnp33q4CbCTdb3"",""start"":""2021-07-18"",""end"":""2021-09-18"",",62,"Basel","CH",1350,0,332.3616,2769.68,"CHF","control","Not_instant","Verified",2603.4992
"91","95a0f9a532d2950042f2d6527feab84711338972",1,"{""lofi"":""ref"",""rarsp"":""ref"",""fdspi"":""show"",""rcsp"":""show"",""cbnw"":""ref""}","883c8793b4dfdc3579df87eda776e3673b772d99","desktop","{""event_content"":{},""page"":{""request_id"":""7147e2f8d06cdcb25327"",""apartment_id"":""b6fe540d5843f1aa6eaf"",""start"":""2021-08-20"",""end"":""2021-12-19"",",121,"Paris","FR",1550,0,744,6200,"EUR","test","Not_instant","Verified",6200
"92","9682765e48ee43e3ff68b3b1d9c857c5e0a163ce",1,"{""lofi"":""ref"",""rarsp"":""ref"",""fdspi"":""show"",""rcsp"":""ref"",""cbnw"":""ref""}","52c89e197374da14bd00e37906359326760323d1","phone","{""event_content"":{},""page"":{""request_id"":""19855d4a4ae0b3e1e5a4"",""apartment_id"":""750ef138fd1e5febb9df"",""start"":""2021-08-01"",""end"":""2021-08-31"",",30,"Düsseldorf","DE",850,0,102,850,"EUR","control","Not_instant","Verified",850
"93","96b933aef3de1337acbc2f6087b10647836752cb",1,"{""lofi"":""show"",""rarsp"":""ref"",""fdspi"":""ref"",""rcsp"":""show"",""cbnw"":""ref""}","12453fd04e8bb6caea5496fafa124788d9bc9199","desktop","{""event_content"":{},""page"":{""request_id"":""1e294868dd9487f35388"",""apartment_id"":""702eea8b5cfd5b5d0c5f"",""start"":""2021-07-25"",""end"":""2021-08-27"",",33,"London","GB",2791.86,0,367.4448,3062.04,"GBP","test","Instant","Verified",3613.2072
"94","9758dd56784675ae88e4251c63cf2c7f1a44a8ea",1,"{""lofi"":""ref"",""rarsp"":""ref"",""fdspi"":""ref"",""rcsp"":""show"",""cbnw"":""ref""}","9758dd56784675ae88e4251c63cf2c7f1a44a8ea","phone","{""event_content"":{""hotjar_id"":""e6bcff11"",""request_id"":""98b89af0ed8471d7c963"",""request_status"":""finished""},""page"":{""request_id"":""98b89af0ed8471d7c963"",""apartment_id"":""1b75944d1e026ed7e8e6"",""start"":""2021-07-25"",""end"":""2021-10-24"",",91,"Manchester","GB",4167,177,1436.4,11970,"GBP","test","Instant","Verified",14124.6
"95","992448b76b68078d80fd6b1bad1d73834cad5a52",1,"{""lofi"":""show"",""rarsp"":""ref"",""fdspi"":""show"",""rcsp"":""show"",""cbnw"":""ref""}","ffb1db3196c72a4ddeec4a492dfd9184f4215e59","phone","{""event_content"":{""hotjar_id"":""88438e9d""},""page"":{""request_id"":""22025fd5fc743c8b35c6"",""apartment_id"":""5821c5261fd79e66dbd1"",""start"":""2021-09-30"",""end"":""2021-11-30"",",61,"Madrid","ES",1537.78,137.78,341.6004,2846.67,"EUR","test","Not_instant","Verified",2846.67
"96","995c3835ed3a540f636a892a68ab6e93b3426e19",1,"{""lofi"":""ref"",""rarsp"":""ref"",""fdspi"":""ref"",""rcsp"":""show"",""cbnw"":""ref""}","e7625a003210bfb9dccb1c294b4eb119a463867a","phone","{""event_content"":{""hotjar_id"":""49854266"",""request_id"":""bc4f4cfd0a558c6ab4f8"",""request_status"":""finished""},""page"":{""request_id"":""bc4f4cfd0a558c6ab4f8"",""apartment_id"":""320701729b2dfa776351"",""start"":""2021-08-01"",""end"":""2021-10-31"",",91,"Raunheim","DE",1395.28,0,502.3008,4185.84,"EUR","test","Not_instant","Verified",4185.84
"97","9a8a289dc731ed0ed135a1514a5349ce436b7aa7",1,"{""lofi"":""ref"",""rarsp"":""ref"",""fdspi"":""show"",""rcsp"":""show"",""cbnw"":""ref""}","9a8a289dc731ed0ed135a1514a5349ce436b7aa7","tablet","{""event_content"":{""hotjar_id"":""448fdc0c"",""request_id"":""6e328c8bc4075cd9191c"",""request_status"":""booked""},""page"":{""request_id"":""6e328c8bc4075cd9191c"",""apartment_id"":""12175eb6260f6a2ca75d"",""start"":""2021-10-29"",""end"":""2021-12-01"",",33,"Barcelona","ES",1213.41,62.87,155.88,1299,"EUR","test","Instant","Verified",1299
"98","9b72bdf442446bb9f36192c18b1936bcb39bf577",1,"{""lofi"":""ref"",""rarsp"":""ref"",""fdspi"":""show"",""rcsp"":""show"",""cbnw"":""ref""}","9b72bdf442446bb9f36192c18b1936bcb39bf577","phone","{""event_content"":{},""page"":{""request_id"":""14a812222dc127237d46"",""apartment_id"":""1e134b11f7f88ced874e"",""start"":""2021-07-28"",""end"":""2021-10-31"",",95,"Ostfildern","DE",1336,236,413.0328,3441.94,"EUR","test","Not_instant","Verified",3441.94
"99","a28b6fbbe23a1ca1030830a09bb5b54001250a05",1,"{""lofi"":""show"",""rarsp"":""ref"",""fdspi"":""ref"",""rcsp"":""ref"",""cbnw"":""ref""}","a09a932a44b2177deb781536def9445bd9b72bec","desktop","{""event_content"":{""hotjar_id"":""3f36716a"",""path"":""/request/ff18361fba600fd65e29/success""},""page"":{""request_id"":""ff18361fba600fd65e29"",""apartment_id"":""24ba5a96248e4154a0ef"",""start"":""2021-07-19"",""end"":""2021-08-18"",",30,"Utrecht","NL",1695,0,203.4,1695,"EUR","control","Not_instant","Verified",1695
"100","a86028ff9299340ed31852944ef0e82dcb68f735",1,"{""lofi"":""show"",""rarsp"":""ref"",""fdspi"":""ref"",""rcsp"":""show"",""cbnw"":""ref""}","a86028ff9299340ed31852944ef0e82dcb68f735","phone","{""event_content"":{},""page"":{""request_id"":""537f876e6c47b9d18a4d"",""apartment_id"":""6a325edb5579a1eb42a8"",""start"":""2021-07-24"",""end"":""2021-08-24"",",31,"Villejuif","FR",958.88,118,104.16,868,"EUR","test","Not_instant","Verified",868
"101","a89a28f3bb437e9a7cc1003d028bc292e858edb2",2,"{""lofi"":""show"",""rarsp"":""ref"",""fdspi"":""show"",""rcsp"":""ref"",""cbnw"":""ref""}","1e0be6c7b6034ebaf89d1606d50b8d9cace1b18c","phone","{""event_content"":{""hotjar_id"":""93f793c7""},""page"":{""request_id"":""a01b6f862cb8d07a75c1"",""apartment_id"":""ff5c3fc938d77dabbddf"",""start"":""2021-09-10"",""end"":""2022-09-10"",",365,"Berlin","DE",1260,0,1819.44,15162,"EUR","control","Not_instant","Verified",15162
"102","a94e75084c7e7cbee94614888115d25cc735ec8f",1,"{""lofi"":""show"",""rarsp"":""ref"",""fdspi"":""ref"",""rcsp"":""ref"",""cbnw"":""ref""}","f7752bc4a2d0a25346c80e076bd1f6bbac17e003","desktop","{""event_content"":{""hotjar_id"":""81831893"",""request_id"":""0f98465fc626efa6aefe"",""request_status"":""booked""},""page"":{""request_id"":""0f98465fc626efa6aefe"",""apartment_id"":""6201d9150a8c14763b5e"",""start"":""2021-09-15"",""end"":""2021-10-23"",",38,"Madrid","ES",5010.27,291.27,722.1588,6017.99,"EUR","control","Instant","Verified",6017.99
"103","a991026f79c4f61296934b94d6c170b3488116c1",2,"{""lofi"":""show"",""rarsp"":""ref"",""fdspi"":""ref"",""rcsp"":""ref"",""cbnw"":""ref""}","765896eeed908bc63dd2001ad9f41c329df2e52f","desktop","{""event_content"":{},""page"":{""request_id"":""aec6a901a24984f7cb07"",""apartment_id"":""001b404733dc9222a82f"",""start"":""2021-08-13"",""end"":""2021-09-18"",",36,"Amsterdam","NL",1700,0,247.4328,2061.94,"EUR","control","Not_instant","Verified",2061.94
"104","aa6e483a280d77c12b3674524d9a914755acb078",1,"{""lofi"":""ref"",""rarsp"":""ref"",""fdspi"":""show"",""rcsp"":""ref"",""cbnw"":""ref""}","356bd4a03e6ed1cd9460980bee3fe2ffd54c14d0","desktop","{""event_content"":{},""page"":{""request_id"":""dbc7a0f0882469a70ba9"",""apartment_id"":""uHDqXY2b5v9c57vSc"",""start"":""2021-07-17"",""end"":""2021-08-17"",",31,"London","GB",1,1881,0,1941.68,"GBP","control","Not_instant","Verified",2291.1824
"105","adfb12514ca76c7ba53bbc064e875fcec84a11ea",2,"{""lofi"":""show"",""rarsp"":""ref"",""fdspi"":""show"",""rcsp"":""ref"",""cbnw"":""ref""}","af3cca6b16ee498872933084c97829fd5ef00e7a","phone","{""event_content"":{},""page"":{""request_id"":""4b058ed12a41fa809b2c"",""apartment_id"":""76c3bab65bdc4287140f"",""start"":""2021-07-19"",""end"":""2021-08-22"",",34,"Madrid","ES",5,1436.64,74.44,1537.97,"EUR","control","Instant","Verified",1537.97
"106","b3d2297f71b092344b7a663a84e39b56faf71a59",1,"{""lofi"":""show"",""rarsp"":""ref"",""fdspi"":""ref"",""rcsp"":""show"",""cbnw"":""ref""}","6a1c3497599f8bc35c9e48402c10270a37c610cc","phone","{""event_content"":{},""page"":{""request_id"":""14a812222dc127237d46"",""apartment_id"":""1e134b11f7f88ced874e"",""start"":""2021-07-28"",""end"":""2021-10-31"",",95,"Ostfildern","DE",1336,236,413.0328,3441.94,"EUR","test","Not_instant","Verified",3441.94
"107","b4e8b53c901fa2deb4e9999ab4e211e7cbc6f5c5",1,"{""lofi"":""ref"",""rarsp"":""ref"",""fdspi"":""ref"",""rcsp"":""show"",""cbnw"":""ref""}","f9f86c566345265c81ccef58fc1312341a0bdc93","phone","{""event_content"":{""hotjar_id"":""ca0ab32c"",""path"":""/request/b064840120a9fe4c6c15/success""},""page"":{""request_id"":""b064840120a9fe4c6c15"",""apartment_id"":""u4mBkg4rwqBZdoeSp"",""start"":""2021-08-09"",""end"":""2021-10-08"",",60,"Berlin","DE",1540,0,369.6,3080,"EUR","test","Not_instant","Verified",3080
"108","b7ecbc3d37ac535b893456bdbc6748a9acf3fb14",1,"{""lofi"":""ref"",""rarsp"":""ref"",""fdspi"":""ref"",""rcsp"":""show"",""cbnw"":""ref""}","b5a046c52c7e42318125d62c1062794803c45044","desktop","{""event_content"":{},""page"":{""request_id"":""74dae0533f3c4c043bfc"",""apartment_id"":""b079180ff79cb56497b9"",""start"":""2021-09-05"",""end"":""2022-01-31"",",148,"Vienna","AT",3195,295,1693.5996,14113.33,"EUR","test","Not_instant","Verified",14113.33
"109","b8c477dd4384a42e5111a350c51dd05e076f6f0b",1,"{""lofi"":""show"",""rarsp"":""ref"",""fdspi"":""show"",""rcsp"":""ref"",""cbnw"":""ref""}","c95b0a7f34e357786dc54d6d948381db5a3d1738","phone","{""event_content"":{},""page"":{""request_id"":""3a6e9a067e4e18fb3640"",""apartment_id"":""4a716f0bf098769f67e4"",""start"":""2021-07-15"",""end"":""2021-08-18"",",34,"Barcelona","ES",1505.13,77.99,193.3548,1611.29,"EUR","control","Not_instant","Verified",1611.29
"110","bb13cedc686b5346a694d8081f027d914469bb95",1,"{""lofi"":""ref"",""rarsp"":""ref"",""fdspi"":""show"",""rcsp"":""ref"",""cbnw"":""ref""}","fc3bb645e1950566ef76e708a820c5b7d58845cd","desktop","{""event_content"":{""path"":""/request/65746a33b139455baf77/success""},""page"":{""request_id"":""65746a33b139455baf77"",""apartment_id"":""98f79229d09c6faff570"",""start"":""2021-07-18"",""end"":""2021-08-18"",",31,"Munich","DE",1,1000,0,1032.26,"EUR","control","Not_instant","Verified",1032.26
"111","bb1ff05bb9ef3fccbbd55cca3ea79aaf4cb31b0b",1,"{""lofi"":""show"",""rarsp"":""ref"",""fdspi"":""show"",""rcsp"":""show"",""cbnw"":""ref""}","53763053cf434ed877dee4fc8b0b105b924b95b4","phone","{""event_content"":{""hotjar_id"":""986adcd9""},""page"":{""request_id"":""f6cee41b65f5365ea0a1"",""apartment_id"":""181c4733a0d339b4905f"",""start"":""2021-08-18"",""end"":""2022-04-30"",",255,"Berlin","DE",1947.5,0,1975.1424,16459.52,"EUR","test","Not_instant","Verified",16459.52
"112","bc453afb97875bc7522605f59c56942688dae0ec",1,"{""lofi"":""show"",""rarsp"":""ref"",""fdspi"":""ref"",""rcsp"":""ref"",""cbnw"":""ref""}","be03a4f3f39ad57038d43a906083bb7a27b150e4","desktop","{""event_content"":{},""page"":{""request_id"":""8f27ed68f8341d60db99"",""apartment_id"":""27c10d336b9006b0bb29"",""start"":""2021-08-01"",""end"":""2022-01-31"",",183,"Berlin","DE",1210,0,871.2,7260,"EUR","control","Not_instant","Verified",7260
"113","bd5b3089d3b073f901e85261662283790e1e5b0c",1,"{""lofi"":""show"",""rarsp"":""ref"",""fdspi"":""show"",""rcsp"":""ref"",""cbnw"":""ref""}","bd5b3089d3b073f901e85261662283790e1e5b0c","phone","{""event_content"":{},""page"":{""request_id"":""73767dd09cce0bbc2c78"",""apartment_id"":""72120ad777e878d5c5f3"",""start"":""2021-07-28"",""end"":""2021-08-31"",",34,"Seville","ES",1144.29,59.29,147,1225,"EUR","control","Not_instant","Verified",1225
"114","bdf569649ede1782c12358e17b94927c439e2740",1,"{""lofi"":""ref"",""rarsp"":""ref"",""fdspi"":""ref"",""rcsp"":""show"",""cbnw"":""ref""}","79e924899d994fc3c63bbf922a13c37f59acd16c","phone","{""event_content"":{},""page"":{""request_id"":""668874107fb83a23a01f"",""apartment_id"":""826691b96f9c2b0eeb07"",""start"":""2021-07-16"",""end"":""2021-08-16"",",31,"Zürich","CH",1800,0,222.9672,1858.06,"CHF","test","Not_instant","Verified",1746.5764
"115","c3abff3cfa6966ae41e8608b2bb20ae4b3bb874a",1,"{""lofi"":""ref"",""rarsp"":""ref"",""fdspi"":""show"",""rcsp"":""ref"",""cbnw"":""ref""}","03f1eb94706808451d321e68002ec98b2bccd774","desktop","{""event_content"":{},""page"":{""request_id"":""403097553ab992ddadab"",""apartment_id"":""30dbf3c3f937a955e6c9"",""start"":""2021-09-01"",""end"":""2021-10-31"",",60,"Zürich","CH",1790,0,429.6,3580,"CHF","control","Not_instant","Verified",3365.2
"116","c45990beb95fb4418afb9c6bcc013c68b195e03c",1,"{""lofi"":""ref"",""rarsp"":""ref"",""fdspi"":""show"",""rcsp"":""ref"",""cbnw"":""ref""}","859eadbfcd083ae09aa7f3b533164009752dbf53","desktop","{""event_content"":{""hotjar_id"":""235aaaef"",""path"":""/request/00d37b8984a1153c6a30/success""},""page"":{""request_id"":""00d37b8984a1153c6a30"",""apartment_id"":""91f04630ec34ed6739f7"",""start"":""2021-08-14"",""end"":""2021-10-02"",",49,"Birmingham","GB",2000,0,394.8384,3290.32,"GBP","control","Instant","Verified",3882.5776
"117","caef6bb0c9f0c8aacbdfc3078bf66613fe244a68",1,"{""lofi"":""show"",""rarsp"":""ref"",""fdspi"":""show"",""rcsp"":""ref"",""cbnw"":""ref""}","a918e54042381eaca26756ae917b6c2f22286860","desktop","{""event_content"":{""hotjar_id"":""d19c93a5"",""request_id"":""5e9889c651f59ade55eb"",""request_status"":""finished""},""page"":{""request_id"":""5e9889c651f59ade55eb"",""apartment_id"":""70e669d839cab0d04b85"",""start"":""2021-09-01"",""end"":""2022-01-31"",",152,"Madrid","ES",1572.37,306.37,759.6,6330,"EUR","control","Not_instant","Verified",6330
"118","cb07c45fe95ee4206e056ead620153b00af9000e",1,"{""lofi"":""show"",""rarsp"":""ref"",""fdspi"":""ref"",""rcsp"":""ref"",""cbnw"":""ref""}","4bfc2456f783c915828febfdf72500f11babb61f","phone","{""event_content"":{""hotjar_id"":""4170f472""},""page"":{""request_id"":""a33ee118c3c41359be52"",""apartment_id"":""2bb9676b9e2a10bcb"",""start"":""2021-08-27"",""end"":""2021-10-28"",",62,"Madrid","ES",1390.74,126.34,313.2432,2610.36,"EUR","control","Not_instant","Verified",2610.36
"119","cba282c1e0a25c16832e8272d4c1f3365760a4cc",1,"{""lofi"":""ref"",""rarsp"":""ref"",""fdspi"":""show"",""rcsp"":""show"",""cbnw"":""ref""}","7625042579497d8b1e03eb4b3b3c3e5d385f1d6e","desktop","{""event_content"":{""path"":""/request/039195dc4e107a58031d/success""},""page"":{""request_id"":""039195dc4e107a58031d"",""apartment_id"":""239ed29ac43aca7dd1dd"",""start"":""2021-10-09"",""end"":""2021-11-19"",",41,"Paris","FR",4100,0,676.632,5638.6,"EUR","test","Not_instant","Verified",5638.6
"120","d0850ef46b5f93eeeedf4ff0f9038062d19f8bfa",1,"{""lofi"":""ref"",""rarsp"":""ref"",""fdspi"":""show"",""rcsp"":""show"",""cbnw"":""ref""}","02baa6fb3042dcb8c5b291c6d723ce9ac6711397","desktop","{""event_content"":{},""page"":{""request_id"":""3d0d2bb0d66d95428cad"",""apartment_id"":""7624000595d3086374de"",""start"":""2021-08-15"",""end"":""2022-01-31"",",169,"Berlin","DE",3,1100,0,6103.23,"EUR","test","Not_instant","Verified",6103.23
"121","d222c94720c98a0fd79d3347a8b9c0a91d20f8ea",1,"{""lofi"":""ref"",""rarsp"":""ref"",""fdspi"":""ref"",""rcsp"":""show"",""cbnw"":""ref""}","127162e2872c3fd76fe4c3478f67f56383c2162a","desktop","{""event_content"":{},""page"":{""request_id"":""a868a9d4bc0d8a3d55ff"",""apartment_id"":""560284943fde4b049603"",""start"":""2021-07-26"",""end"":""2021-12-31"",",158,"Offenbach","DE",894.52,0,557.4876,4645.73,"EUR","test","Not_instant","Verified",4645.73
"122","d37e680a25e342ad22e19367304f286abdf35241",1,"{""lofi"":""ref"",""rarsp"":""ref"",""fdspi"":""show"",""rcsp"":""show"",""cbnw"":""ref""}","c60398a73ba666dc0f92200809a4b959cb0db0ba","desktop","{""event_content"":{""hotjar_id"":""55e15603""},""page"":{""request_id"":""9ab4e4a5d6479584af27"",""apartment_id"":""0cfc3a97ef668a5b56b3"",""start"":""2021-08-09"",""end"":""2021-09-30"",",52,"Berlin","DE",1490,0,311.4576,2595.48,"EUR","test","Instant","Verified",2595.48
"123","d839af31dfb5f120554e0ae8b2a361b28743d839",1,"{""lofi"":""show"",""rarsp"":""ref"",""fdspi"":""ref"",""rcsp"":""show"",""cbnw"":""ref""}","e7c5c5552c4aa2f51f371f0f4533859f4ecd8594","phone","{""event_content"":{""hotjar_id"":""fdd1db3c"",""path"":""/request/76bb448b4062a3124d56/success""},""page"":{""request_id"":""76bb448b4062a3124d56"",""apartment_id"":""yHgghg777df6s2H27"",""start"":""2021-08-01"",""end"":""2024-08-01"",",1096,"Cologne","DE",874,0,3779.0628,31492.19,"EUR","test","Not_instant","Verified",31492.19
"124","da5e1371ec2465532b5247e00edaa1ecfece2c81",1,"{""lofi"":""ref"",""rarsp"":""ref"",""fdspi"":""ref"",""rcsp"":""show"",""cbnw"":""ref""}","2aca128af90aa63cd09cb77e2c5a2548269ab97e","desktop","{""event_content"":{},""page"":{""request_id"":""ead6ae04327b5a051d24"",""apartment_id"":""83161a597f97d1b7e54b"",""start"":""2022-08-20"",""end"":""2022-09-30"",",41,"Vienna","AT",6360.2,0,1058.6652,8822.21,"EUR","test","Not_instant","Verified",8822.21
"125","e0776a66b529d0195a30c1e304b31f4e7e4697a1",1,"{""lofi"":""ref"",""rarsp"":""ref"",""fdspi"":""show"",""rcsp"":""ref"",""cbnw"":""ref""}","e0776a66b529d0195a30c1e304b31f4e7e4697a1","desktop","{""event_content"":{""hotjar_id"":""1efc849e"",""request_id"":""e14b715249b2eeec879c"",""request_status"":""booked""},""page"":{""request_id"":""e14b715249b2eeec879c"",""apartment_id"":""0083f6eba7eb61c1c"",""start"":""2021-07-22"",""end"":""2021-08-21"",",30,"Dublin","IE",3950,0,474,3950,"EUR","control","Instant","Verified",3950
"126","e5f791eae36312246e25cd34185f3248c0f4553c",1,"{""lofi"":""ref"",""rarsp"":""ref"",""fdspi"":""show"",""rcsp"":""ref"",""cbnw"":""ref""}","f6aa4eba2572d096120271363c1001357c9e08a1","desktop","{""event_content"":{""hotjar_id"":""f3975716"",""request_id"":""90a2929b9103c3e1a388"",""request_status"":""finished""},""page"":{""request_id"":""90a2929b9103c3e1a388"",""apartment_id"":""75cb8a775dfcde1b4ae2"",""start"":""2021-09-01"",""end"":""2022-01-31"",",152,"Berlin","DE",880,0,528,4400,"EUR","control","Not_instant","Verified",4400
"127","e7737fc1715ba0bdd1881783598211c1729a4e7d",1,"{""lofi"":""show"",""rarsp"":""ref"",""fdspi"":""show"",""rcsp"":""ref"",""cbnw"":""ref""}","8392d15f664ff16d445328a6c8b5e662b435ff7f","phone","{""event_content"":{},""page"":{""request_id"":""6e7ceab397a9c0e0fe17"",""apartment_id"":""2764ec2390ca44f7755a"",""start"":""2021-07-21"",""end"":""2021-08-31"",",41,"Regensburg","DE",2118,118,325.1616,2709.68,"EUR","control","Not_instant","Verified",2709.68
"128","e986a6a5624bdb609cdcb0ec415c903719ca0590",1,"{""lofi"":""ref"",""rarsp"":""ref"",""fdspi"":""show"",""rcsp"":""show"",""cbnw"":""ref""}","e986a6a5624bdb609cdcb0ec415c903719ca0590","desktop","{""event_content"":{""hotjar_id"":""ade4874b""},""page"":{""request_id"":""2654c686c48253a82015"",""apartment_id"":""a48ff3f6ba96971ab2a8"",""start"":""2021-08-03"",""end"":""2021-10-03"",",61,"Marburg","DE",1337.5,0,326.178,2718.15,"EUR","test","Not_instant","Verified",2718.15
"129","edb78eef8a13390f2335e2b36aab7b3a7a384182",1,"{""lofi"":""ref"",""rarsp"":""ref"",""fdspi"":""ref"",""rcsp"":""show"",""cbnw"":""ref""}","88c1f774edfecad72a5480c415fe40de2974cc61","desktop","{""event_content"":{},""page"":{""request_id"":""9cd652cbc2de0afa5d59"",""apartment_id"":""ae2b2a5f1f2470bd5ee4"",""start"":""2021-08-29"",""end"":""2021-10-01"",",33,"Amsterdam","NL",2,2150,0,2427.42,"EUR","test","Not_instant","Verified",2427.42
"130","ee9bc7f04d2b95a3ae4eb444176f10ead1bb3a82",1,"{""lofi"":""show"",""rarsp"":""ref"",""fdspi"":""ref"",""rcsp"":""ref"",""cbnw"":""ref""}","4ed7abaa11e3947e1db9263418276cb3af937037","phone","{""event_content"":{},""page"":{""request_id"":""3683cfb9aa92f35888a3"",""apartment_id"":""9648ed51ed4fd129fd96"",""start"":""2021-07-18"",""end"":""2021-08-31"",",44,"London","GB",4065.8,0,708.2364,5901.97,"GBP","control","Not_instant","Verified",6964.3246
"131","eea993df58fd6fe58f25249df766244f5d1843a4",2,"{""lofi"":""ref"",""rarsp"":""ref"",""fdspi"":""show"",""rcsp"":""show"",""cbnw"":""ref""}","d92cdeff52dd29bf511ee568303c42cfc097e981","phone","{""event_content"":{},""page"":{""request_id"":""4136354fe6b4df15293a"",""apartment_id"":""07774ccd4d8abfcc1842"",""start"":""2021-09-01"",""end"":""2022-08-01"",",334,"Berlin","DE",1190,0,1575.4068,13128.39,"EUR","test","Not_instant","Verified",13128.39
"132","f05d3770c03976b547502c5ecc17cd4030035278",1,"{""lofi"":""ref"",""rarsp"":""ref"",""fdspi"":""show"",""rcsp"":""ref"",""cbnw"":""ref""}","afd1af0dc105ed7f243d24b57f283ae57fa4ca9d","tablet","{""event_content"":{},""page"":{""request_id"":""35f195e2e3fc60fc96a3"",""apartment_id"":""vixdHKu2kaQmZ7eQz"",""start"":""2021-10-01"",""end"":""2021-12-31"",",91,"Koblenz","DE",940.5,0,338.58,2821.5,"EUR","control","Not_instant","Verified",2821.5
"133","f1f63d2b72dfb5cba97f4680a754acc6966d4ecf",1,"{""lofi"":""ref"",""rarsp"":""ref"",""fdspi"":""ref"",""rcsp"":""show"",""cbnw"":""ref""}","f1f63d2b72dfb5cba97f4680a754acc6966d4ecf","desktop","{""event_content"":{""hotjar_id"":""4ce03aaf""},""page"":{""request_id"":""0e50107a9434ebba90b3"",""apartment_id"":""f7025f0c4e884d3cd667"",""start"":""2021-07-29"",""end"":""2021-08-31"",",33,"Berlin","DE",1490.17,0,196.1256,1634.38,"EUR","test","Instant","Verified",1634.38
"134","f273c5e7580eb02eea4c81fd55dab2e447e6149e",1,"{""lofi"":""ref"",""rarsp"":""ref"",""fdspi"":""show"",""rcsp"":""ref"",""cbnw"":""ref""}","f273c5e7580eb02eea4c81fd55dab2e447e6149e","phone","{""event_content"":{},""page"":{""request_id"":""b595871221c7c6639803"",""apartment_id"":""ovTmyKur2S8qrMuSg"",""start"":""2021-07-18"",""end"":""2021-08-17"",",30,"Nuremberg","DE",750,0,90,750,"EUR","control","Instant","Verified",750
"135","f6c08d502293603d02eb0a90ca5d6d4c4e24cdac",1,"{""lofi"":""ref"",""rarsp"":""ref"",""fdspi"":""ref"",""rcsp"":""show"",""cbnw"":""ref""}","8ec2fadf33930e9d5de443221d3dc120c638b02b","phone","{""event_content"":{},""page"":{""request_id"":""e5151dc80d8e0ac66593"",""apartment_id"":""ce968fc081e49310d672"",""start"":""2021-07-26"",""end"":""2021-08-25"",",30,"London","GB",2270.1,0,272.412,2270.1,"GBP","test","Instant","Verified",2678.718
"136","f6cd4bdb0f77925d9d50bc3006ad825c91e52317",1,"{""lofi"":""show"",""rarsp"":""ref"",""fdspi"":""ref"",""rcsp"":""ref"",""cbnw"":""ref""}","5f76b9d555a5b8a5ef7269143e1592144a9f2c1a","desktop","{""event_content"":{""hotjar_id"":""135e2c2c""},""page"":{""request_id"":""f088bca40bded0fbebe2"",""apartment_id"":""B8Yj7J2ig7eGEZyxX"",""start"":""2021-09-05"",""end"":""2021-11-20"",",76,"Frankfurt","DE",990,0,300.96,2508,"EUR","control","Not_instant","Verified",2508
"137","fb0e0c5bc64739011edc1a14e44a215632445e08",1,"{""lofi"":""show"",""rarsp"":""ref"",""fdspi"":""show"",""rcsp"":""ref"",""cbnw"":""ref""}","fb0e0c5bc64739011edc1a14e44a215632445e08","desktop","{""event_content"":{""request_id"":""2ee1e90163ccae9a6068"",""request_status"":""booked""},""page"":{""request_id"":""2ee1e90163ccae9a6068"",""apartment_id"":""6cef7ed8552dd8cf0a79"",""start"":""2021-07-26"",""end"":""2021-09-17"",",53,"Vienna","AT",1618,118,313.548,2612.9,"EUR","control","Instant","Not_verified",2612.9
"138","fc7a6697c040d28e91d1a69cfe917bf280481380",1,"{""lofi"":""show"",""rarsp"":""ref"",""fdspi"":""ref"",""rcsp"":""ref"",""cbnw"":""ref""}","05728770a793a4f5f311b743d3415cadbd4f9563","desktop","{""event_content"":{""hotjar_id"":""f5607aff""},""page"":{""request_id"":""86ac7f3ffd17e707fa12"",""apartment_id"":""6JqQbmZhPsXTZqqf2"",""start"":""2021-08-01"",""end"":""2021-11-30"",",121,"Berlin","DE",1490,0,715.2,5960,"EUR","control","Not_instant","Verified",5960
"139","fd487f539c67ebeda9ee6219712008ecebaa05e5",1,"{""lofi"":""show"",""rarsp"":""ref"",""fdspi"":""show"",""rcsp"":""ref"",""cbnw"":""ref""}","bf5101f5537d7d127984e8c29d4b1a6e7f5e00c2","desktop","{""event_content"":{},""page"":{""request_id"":""4061fe920d6096ccc4e4"",""apartment_id"":""05aa47a29ecc40569c08"",""start"":""2021-07-26"",""end"":""2021-08-25"",",30,"Stuttgart","DE",900,0,108,900,"EUR","control","Not_instant","Verified",900
"140","fd6dd0bf5c0143177d348b90cf56869bfae24c07",1,"{""lofi"":""show"",""rarsp"":""ref"",""fdspi"":""show"",""rcsp"":""show"",""cbnw"":""ref""}","f1c6290ae5be2b00f138e3122f5c0c68934f066a","desktop","{""event_content"":{},""page"":{""request_id"":""590da1116e09f52ef267"",""apartment_id"":""e4bdefb857e5d18e6e26"",""start"":""2021-09-15"",""end"":""2021-12-21"",",97,"Linz","AT",1380,0,531.7008,4430.84,"EUR","test","Not_instant","Verified",4430.84
"141","fdce801f3089e1f4428867e7ec573b5fb9802cbb",1,"{""lofi"":""show"",""rarsp"":""ref"",""fdspi"":""show"",""rcsp"":""show"",""cbnw"":""ref""}","887a22e97bbfd54419522228dd4836a954a31479","desktop","{""event_content"":{""request_id"":""9d4b28232749846cd927"",""request_status"":""booked""},""page"":{""request_id"":""9d4b28232749846cd927"",""apartment_id"":""Pt8ZBcnyGQnMZG5XW"",""start"":""2021-07-19"",""end"":""2021-09-18"",",61,"Berlin","DE",2,1290,0,2580,"EUR","test","Not_instant","Verified",2580
"142","fe0c893c183e0f01bc61ada95d5cf15e8640283f",1,"{""lofi"":""show"",""rarsp"":""ref"",""fdspi"":""ref"",""rcsp"":""ref"",""cbnw"":""ref""}","fe0c893c183e0f01bc61ada95d5cf15e8640283f","desktop","{""event_content"":{},""page"":{""request_id"":""7416debc898f04e2c3b4"",""apartment_id"":""fdc7deb7b7621db577b3"",""start"":""2021-10-15"",""end"":""2021-12-14"",",60,"Basel","CH",1805,0,433.2,3610,"CHF","control","Not_instant","Verified",3393.4
"143","ffc3601dbf1d73ca3748d6f013ab80c9c4272d7c",1,"{""lofi"":""ref"",""rarsp"":""ref"",""fdspi"":""ref"",""rcsp"":""show"",""cbnw"":""ref""}","ffc3601dbf1d73ca3748d6f013ab80c9c4272d7c","phone","{""event_content"":{},""page"":{""request_id"":""b595871221c7c6639803"",""apartment_id"":""ovTmyKur2S8qrMuSg"",""start"":""2021-07-18"",""end"":""2021-08-17"",",30,"Nuremberg","DE",750,0,90,750,"EUR","test","Instant","Verified",750
